Date,PRCP,SNOW,TMAX,TMIN,TAVG,AWND
01/01/2015,0,0,8.3,-2.7,1.7,3.7
02/01/2015,0,0,9.4,1.7,5.3,1.3
03/01/2015,12.7,0,5.6,1.1,4,1.5
04/01/2015,5.1,0,19.4,5.6,,5.6
05/01/2015,0,0,11.1,-1.6,7.8,6.4
06/01/2015,5.1,61,0,-4.3,-1.9,2.2
07/01/2015,0,0,-1,-9.3,-3,6.8
08/01/2015,0,0,-3.2,-11,-8.2,5.1
09/01/2015,0,0,5.6,-3.2,-0.6,5.5
10/01/2015,0,0,-1,-7.1,-3.2,3.5
11/01/2015,0,0,6.1,-6,-1.7,2.2
12/01/2015,19.1,0,6.1,1.7,2.9,1.8
13/01/2015,0,0,5.6,-1.6,3.1,5.4
14/01/2015,0,5,0.6,-3.2,-1.2,3.6
15/01/2015,0,0,5.6,0,1.5,2.6
16/01/2015,0,0,8.9,-2.7,2.7,4.3
17/01/2015,0,0,4.4,-2.1,1.5,4
18/01/2015,15.2,0,7.2,1.1,3.2,2.2
19/01/2015,0,0,10,0.6,6.6,2.8
20/01/2015,0,0,10,-0.5,3.7,0.9
21/01/2015,2,10,3.9,1.1,2.7,2
22/01/2015,0,0,9.4,2.2,4.3,3.7
23/01/2015,16.5,0,6.1,-0.5,3.4,2.3
24/01/2015,12.2,0,7.2,2.8,3.8,4.3
25/01/2015,0,0,11.1,2.2,6.4,2.7
26/01/2015,5.3,13,7.8,-1.6,4.6,5.9
27/01/2015,0.3,3,2.8,-1,0.2,6.6
28/01/2015,0,0,3.9,-4.3,-0.6,6
29/01/2015,1.3,0,4.4,-3.2,0.1,2.6
30/01/2015,0,0,6.1,-4.9,4,6.9
31/01/2015,0,0,2.2,-6.6,-2.9,4.3
01/02/2015,1,0,6.7,-2.7,0.8,1.8
02/02/2015,2.3,0,10,-2.7,4.6,5.5
03/02/2015,0,0,3.9,-3.8,-1.4,4.2
04/02/2015,0,0,12.8,-1.6,2.9,3.9
05/02/2015,0,0,6.7,-6,3.7,7.5
06/02/2015,0,0,3.3,-8.2,-3.6,3.2
07/02/2015,0,0,10,-3.2,2.3,1.7
08/02/2015,0,0,20,1.7,6.9,2.1
09/02/2015,1.8,0,7.2,1.1,5.3,4.7
10/02/2015,0.5,0,4.4,0.6,2,6.8
11/02/2015,0,0,8.3,-1.6,2.4,3.4
12/02/2015,0,0,6.7,-6.6,2.9,5.9
13/02/2015,0,0,-1,-9.3,-5.1,5.8
14/02/2015,0,3,7.2,-7.7,-0.7,6
15/02/2015,0,0,-5.5,-11.6,-7.3,9.8
16/02/2015,7.4,74,-6.6,-12.1,-9.8,3.4
17/02/2015,5.8,46,-0.5,-8.2,-6.3,2.6
18/02/2015,0,3,1.1,-10.5,-4.2,3.5
19/02/2015,0,3,-6,-11.6,-7,7.3
20/02/2015,0,0,-5.5,-14.9,-10.6,3.9
21/02/2015,17.8,66,1.7,-9.9,-6.8,4.4
22/02/2015,2.5,0,10,1.7,3.7,1.5
23/02/2015,0,0,5,-7.1,2.1,6.6
24/02/2015,0,0,-1,-9.9,-5.8,3.8
25/02/2015,0,0,5.6,-6,-1.4,1.9
26/02/2015,3.6,56,3.9,-0.5,1.9,3.1
27/02/2015,0,0,1.7,-3.8,0.7,4.6
28/02/2015,0,0,0.6,-6.6,-3.2,2.3
01/03/2015,13,3,1.1,-4.3,-1.9,2.5
02/03/2015,0,0,7.8,0.6,3.2,4.2
03/03/2015,1,0,5,-0.5,1,4.1
04/03/2015,8.6,0,10.6,3.9,5.7,2.6
05/03/2015,22.1,122,7.2,-4.9,3.5,5.7
06/03/2015,0,0,-1,-9.3,-4.9,3.3
07/03/2015,0,0,9.4,-7.1,-1.2,3.5
08/03/2015,0,0,15,0,7.9,2.6
09/03/2015,0,0,16.7,2.8,8.4,1.3
10/03/2015,11.2,0,10,3.9,7.7,1.6
11/03/2015,0,0,19.4,7.8,11.8,2.8
12/03/2015,0,0,15.6,6.1,11.3,4
13/03/2015,0.3,0,12.8,2.8,8.1,2.2
14/03/2015,15.2,0,15.6,7.2,9.7,3.6
15/03/2015,0,0,14.4,6.7,11.7,5.7
16/03/2015,0,0,20.6,3.3,9.8,1.6
17/03/2015,0,0,22.8,4.4,14,6.5
18/03/2015,0,0,11.7,2.2,6.6,4.7
19/03/2015,0,0,11.7,3.9,7.8,1.9
20/03/2015,12.4,0,7.8,2.2,4.7,3.8
21/03/2015,0,0,16.1,1.7,6.7,2.7
22/03/2015,0,0,13.3,7.2,10.8,5.1
23/03/2015,0,0,10.6,,6.8,3.6
24/03/2015,0,0,8.3,2.8,6,2.6
25/03/2015,0,0,12.2,1.7,5.8,2.1
26/03/2015,8.9,0,25,9.4,13.9,4.7
27/03/2015,9.1,0,11.1,5,10.7,5.2
28/03/2015,0,0,5.6,-0.5,3.7,7.1
29/03/2015,0,0,9.4,-2.1,2.1,4.4
30/03/2015,0.5,0,18.9,5.6,10.4,5
31/03/2015,0.3,0,22.8,6.1,14,6.3
01/04/2015,0,0,16.1,4.4,10.1,3.8
02/04/2015,0,0,23.3,5.6,13.4,7
03/04/2015,4.8,0,22.8,16.1,19.2,5.5
04/04/2015,1.3,0,20,7.2,16.3,6.2
05/04/2015,0,0,20.6,4.4,12.6,4.9
06/04/2015,0,0,25,8.9,16.3,4.8
07/04/2015,4.3,0,22.8,11.7,18.9,3.6
08/04/2015,3.3,0,11.7,7.2,11.8,5
09/04/2015,1,0,10,7.2,8.3,3.7
10/04/2015,0.3,0,20,7.2,10.3,3.1
11/04/2015,0,0,20,10.6,17.1,4.9
12/04/2015,0,0,21.1,6.1,14.6,2.2
13/04/2015,0,0,26.7,11.1,17.6,5.4
14/04/2015,16.3,0,19.4,12.2,17.4,3.4
15/04/2015,0,0,20,11.1,15.2,3.1
16/04/2015,1,0,23.3,11.1,16.9,2.8
17/04/2015,0.8,0,26.1,15,19.2,2.6
18/04/2015,0,0,128.9,16.1,21.9,1.7
19/04/2015,9.4,0,20.6,12.8,19,6
20/04/2015,19.6,0,27.8,13.9,19.5,5.2
21/04/2015,4.1,0,21.7,12.2,18.3,5.1
22/04/2015,0,0,23.3,10.6,15.8,5.3
23/04/2015,0,0,15.6,7.2,12,5.5
24/04/2015,0,0,17.2,3.9,10.3,5.7
25/04/2015,6.9,0,11.7,7.2,10.6,2.8
26/04/2015,0,0,19.4,7.2,11.6,2.1
27/04/2015,0,0,16.7,8.3,13.3,5.5
28/04/2015,0,0,22.2,8.9,14.6,5.2
29/04/2015,0,0,25.6,11.1,18.6,1.8
30/04/2015,13.7,0,23.3,13.3,18.3,2.9
01/05/2015,2.8,0,17.8,12.2,15.1,3.2
02/05/2015,0,0,25.6,10.6,16.7,2.2
03/05/2015,0,0,28.9,13.3,20.3,2.1
04/05/2015,0,0,28.9,13.3,21.4,4.3
05/05/2015,1.3,0,30,17.8,22.9,3.1
06/05/2015,0,0,28.3,17.8,22.3,2.4
07/05/2015,0,0,27.2,16.7,21.9,2.5
08/05/2015,0,0,28.9,17.8,22.9,2.1
09/05/2015,0,0,28.3,18.3,22.6,2.9
10/05/2015,0,0,29.4,20.6,24.6,3
11/05/2015,0,0,28.3,21.7,24.4,2.2
12/05/2015,0,0,32.2,21.7,26,4.7
13/05/2015,0,0,22.2,13.3,20.7,7
14/05/2015,0,0,22.8,11.7,16.6,3.2
15/05/2015,0,0,25.6,14.4,19.1,4.5
16/05/2015,16.8,0,31.1,19.4,23.4,3.5
17/05/2015,0,0,30.6,21.1,24.3,2
18/05/2015,19.3,0,33.3,22.2,27.2,2.2
19/05/2015,0,0,32.2,22.2,26.6,2.7
20/05/2015,0,0,23.9,16.7,22.2,6.6
21/05/2015,8.4,0,17.2,11.7,15.3,3.2
22/05/2015,0,0,26.1,11.1,17.2,4.7
23/05/2015,0,0,23.9,12.2,19.1,3.5
24/05/2015,0,0,27.8,13.9,20.4,3.6
25/05/2015,0,0,29.4,19.4,24.4,5.2
26/05/2015,0,0,31.1,20.6,25.3,4.9
27/05/2015,0.3,0,32.2,23.9,26.5,3.9
28/05/2015,0,0,33.3,22.8,26.9,2.8
29/05/2015,0,0,30.6,23.3,25.9,3.4
30/05/2015,0,0,32.2,22.2,26.7,4.9
31/05/2015,0,0,33.3,23.3,27.3,5.3
01/06/2015,63.2,0,33.3,21.7,27.2,3.7
02/06/2015,11.7,0,22.2,15.6,20,4.8
03/06/2015,0.3,0,17.8,15,16.2,4.7
04/06/2015,9.4,0,18.3,15,16.8,4.3
05/06/2015,0.8,0,23.9,15.6,18.2,2.2
06/06/2015,0,0,29.4,18.3,22.9,4
07/06/2015,0,0,26.1,19.4,23.2,4.1
08/06/2015,16.5,0,31.1,18.3,23.6,5.7
09/06/2015,0,0,31.7,22.2,25.9,5.2
10/06/2015,0,0,28.9,20,25.6,3.2
11/06/2015,0,0,33.9,21.7,26.8,3.5
12/06/2015,0.5,0,34.4,25,29.3,4.3
13/06/2015,0,0,33.3,23.9,28.3,2.7
14/06/2015,13.2,0,33.9,25.6,29.5,2.2
15/06/2015,2,0,33.9,25.6,28.6,2.7
16/06/2015,0,0,35.6,25,29.8,4.1
17/06/2015,4.6,0,28.9,23.3,26.8,2.2
18/06/2015,13.5,0,32.8,22.2,25.8,2.8
19/06/2015,3,0,31.7,22.8,26.9,3.1
20/06/2015,60.2,0,33.3,23.3,27.9,2.9
21/06/2015,0.8,0,34.4,24.4,28.2,4.1
22/06/2015,0,0,34.4,25.6,30.4,3.4
23/06/2015,21.3,0,35.6,23.9,30.3,4.7
24/06/2015,0,0,30,21.1,25.5,3.8
25/06/2015,12.2,0,30.6,21.1,26.4,2.6
26/06/2015,0,0,28.3,20.6,24.4,2.6
27/06/2015,69.9,0,25.6,20.6,23.2,4.7
28/06/2015,0,0,27.8,19.4,23.1,3.8
29/06/2015,0,0,28.9,17.2,23.6,3.4
30/06/2015,0.3,0,31.7,21.7,25.8,4
01/07/2015,33,0,31.1,20.6,25.7,3.1
02/07/2015,0.5,0,25,20,23.9,1.9
03/07/2015,0.8,0,28.3,18.9,23.6,1.7
04/07/2015,21.6,0,29.4,22.2,24.2,1.4
05/07/2015,0,0,30.6,21.7,25.1,1.7
06/07/2015,0.5,0,31.7,24.4,27.2,3.2
07/07/2015,0,0,32.8,23.9,27.6,3.7
08/07/2015,28.4,0,33.3,25.6,28.1,3.6
09/07/2015,0.8,0,33.3,25.6,28.4,3.3
10/07/2015,0,0,31.1,25,28.4,4.3
11/07/2015,2.3,0,31.1,23.9,27.2,2.2
12/07/2015,0,0,31.1,21.1,26.6,2
13/07/2015,0.8,0,27.8,23.3,25.7,2
14/07/2015,0,0,31.7,24.4,27.1,3.2
15/07/2015,0.3,0,31.1,22.2,27.3,4.8
16/07/2015,0,0,30.6,18.9,24.6,3
17/07/2015,0,0,29.4,21.7,25.1,3.7
18/07/2015,1,0,31.1,25,27.3,3.5
19/07/2015,0,0,36.7,26.1,30,2.6
20/07/2015,0,0,36.1,27.8,31.6,3.1
21/07/2015,0,0,33.3,26.1,30.9,3
22/07/2015,0,0,31.7,22.2,27.6,4.2
23/07/2015,0,0,31.1,21.7,26.7,2.9
24/07/2015,0,0,32.2,20.6,26.9,3
25/07/2015,0,0,32.2,22.2,27.3,3.3
26/07/2015,0,0,32.8,23.3,27.9,5.1
27/07/2015,23.9,0,32.2,22.8,27.7,2.6
28/07/2015,0,0,34.4,25,28.6,1.9
29/07/2015,0,0,33.3,25.6,28.6,3.8
30/07/2015,13.5,0,33.3,25.6,28.6,3.6
31/07/2015,0,0,33.3,23.3,28.7,3.5
01/08/2015,0,0,33.3,23.3,28.4,3.1
02/08/2015,0,0,32.8,22.8,27.9,2.9
03/08/2015,0,0,33.9,22.2,27.7,4.3
04/08/2015,1,0,35.6,24.4,29.9,3.3
05/08/2015,0,0,33.9,23.9,28.6,2.8
06/08/2015,0,0,29.4,23.9,27.2,3.4
07/08/2015,1.3,0,28.3,21.1,24.8,3.8
08/08/2015,0,0,31.1,23.3,26.7,3.7
09/08/2015,0,0,31.7,22.2,26.4,3.3
10/08/2015,3.8,0,26.1,22.2,24.6,4.7
11/08/2015,8.6,0,32.2,22.8,25.9,-4.1
12/08/2015,0,0,29.4,21.1,25.9,4.7
13/08/2015,,0,29.4,20,24.8,2.9
14/08/2015,0,0,31.1,17.8,24.4,2
15/08/2015,0,0,32.2,20,25.3,3.4
16/08/2015,0,0,34.4,20.6,26.1,3.1
17/08/2015,0,0,35.6,22.2,27.7,3.6
18/08/2015,0,0,32.2,23.3,27.4,2.9
19/08/2015,0,0,32.8,25,27.6,4.3
20/08/2015,4.3,0,30,23.3,26.9,3.5
21/08/2015,0,0,30,21.7,25.3,4.1
22/08/2015,0,0,30,18.3,24.4,2.7
23/08/2015,0,0,29.4,17.8,23.9,2.3
24/08/2015,10.4,0,32.8,21.7,26.1,3.2
25/08/2015,0,0,29.4,20.6,24.9,3.7
26/08/2015,0,0,27.8,19.4,23.3,3.5
27/08/2015,0,0,27.8,17.2,22.6,3
28/08/2015,0,0,28.3,18.3,23.4,1.8
29/08/2015,0,0,31.7,19.4,25.1,4.3
30/08/2015,0,0,30.6,20.6,24.8,3.4
31/08/2015,0,0,31.1,23.3,26.8,3.6
01/09/2015,0,0,35,21.7,27.6,1.9
02/09/2015,0,0,34.4,23.9,28.4,2.2
03/09/2015,0,0,35.6,23.3,27.9,2.2
04/09/2015,0,0,33.3,23.9,28,3.3
05/09/2015,0,0,30,22.8,26.2,3.6
06/09/2015,0,0,30.6,20,24.9,2.1
07/09/2015,0,0,32.2,20.6,25.9,2.7
08/09/2015,0,0,33.3,22.2,27.6,3.9
09/09/2015,0,0,34.4,23.9,28.3,3.8
10/09/2015,2.8,0,28.9,21.1,25.7,4.3
11/09/2015,0,0,30.6,18.3,23.6,3.2
12/09/2015,4.1,0,23.9,19.4,22.4,2.6
13/09/2015,0,0,23.3,15.6,20.5,4.8
14/09/2015,0,0,26.7,12.8,19.3,3.8
15/09/2015,0,0,28.9,15.6,21.7,1.7
16/09/2015,0,0,30,15.6,23.1,1.6
17/09/2015,0,0,30,17.2,23.3,2.3
18/09/2015,0,0,30.6,18.3,23.6,2.7
19/09/2015,0,0,30.6,19.4,23.9,3.4
20/09/2015,0,0,27.8,20,23.4,4.8
21/09/2015,5.8,0,21.1,17.2,19.8,4.7
22/09/2015,0,0,23.9,16.7,19.1,4.4
23/09/2015,0,0,26.7,15.6,21,3.8
24/09/2015,0,0,26.1,15.6,20.7,3.5
25/09/2015,0,0,22.8,17.2,20.3,4.7
26/09/2015,0,0,23.3,17.8,2000.1,5.9
27/09/2015,0,0,23.9,16.7,19.5,4.8
28/09/2015,0,0,28.3,19.4,22.7,2.6
29/09/2015,41.9,0,26.7,21.7,23.9,3.1
30/09/2015,0,0,25.6,17.2,23.1,5.1
01/10/2015,19.8,0,17.2,13.9,15.6,6.4
02/10/2015,24.4,0,14.4,10,12.6,8
03/10/2015,4.8,0,14.4,10,11.6,7.7
04/10/2015,0,0,15,12.2,13.9,6.8
05/10/2015,0,0,20.6,11.1,14.8,3.5
06/10/2015,0,0,25,10,16.6,1.8
07/10/2015,0,0,25.6,14.4,18.8,1.4
08/10/2015,0,0,25.6,13.9,18.9,1.7
09/10/2015,10.2,0,26.1,16.7,20.3,3.6
10/10/2015,0,0,18.9,10.6,16.9,3.6
11/10/2015,0,0,21.7,8.3,14.3,1.6
12/10/2015,0,0,23.9,10,16,2.6
13/10/2015,0,0,25.6,15,18.7,3
14/10/2015,0,0,21.7,12.8,17.5,3.1
15/10/2015,0,0,20,11.7,15.8,3.8
16/10/2015,0,0,19.4,10.6,14.8,4.1
17/10/2015,0,0,15.6,6.7,12.1,4.4
18/10/2015,0,0,12.2,3.3,8.2,4.7
19/10/2015,0,0,13.3,2.8,7.8,3
20/10/2015,0,0,20,6.7,11.4,2.9
21/10/2015,0,0,22.8,8.9,14.4,2.1
22/10/2015,0,0,24.4,10,16,2.6
23/10/2015,0,0,21.1,11.1,17.6,3.5
24/10/2015,0,0,16.7,8.3,12.5,3
25/10/2015,0.8,0,21.7,12.2,15.9,4.3
26/10/2015,0,0,16.1,7.8,12.8,3.1
27/10/2015,0,0,15,6.7,10.6,3.5
28/10/2015,16.5,0,21.1,12.8,16.8,5.9
29/10/2015,0.8,0,22.8,13.3,19.4,2.9
30/10/2015,0,0,16.1,7.8,13.3,5.2
31/10/2015,0,0,16.1,5.6,10.6,2.9
01/11/2015,1,0,17.8,11.7,14.1,3.8
02/11/2015,0,0,18.9,10.6,15.4,0.7
03/11/2015,0,0,22.2,7.8,13.9,0.5
04/11/2015,0.5,0,23.9,8.9,15.4,1
05/11/2015,3.8,0,22.2,14.4,16.9,1.7
06/11/2015,0,0,26.7,15.6,20,4.4
07/11/2015,2.8,0,21.7,12.2,17.9,3.2
08/11/2015,0,0,14.4,6.7,12.1,3.3
09/11/2015,13.5,0,11.7,5,8.7,2.9
10/11/2015,6.1,0,16.1,10.6,12.9,5.1
11/11/2015,0,0,,10.6,14.1,4.7
12/11/2015,0.3,0,18.9,9.4,12.8,3
13/11/2015,0,0,16.7,9.4,14.9,5.1
14/11/2015,,0,12.8,5,10.4,5.1
15/11/2015,0,0,17.8,2.2,8.9,3.4
16/11/2015,0,0,21.1,5.6,12.7,1.6
17/11/2015,0,0,16.1,7.8,11.6,3.3
18/11/2015,0,0,18.3,7.8,12.6,4
19/11/2015,16,0,18.3,15,17.2,3.3
20/11/2015,0,0,15.6,5.6,13.2,5.2
21/11/2015,0,0,12.8,3.3,8.1,2.6
22/11/2015,0,0,9.4,2.8,8.5,6.4
23/11/2015,0,0,5.6,0,3.2,4.9
24/11/2015,0,0,13.3,0.6,5.7,2.9
25/11/2015,0,0,14.4,2.8,7.6,2.4
26/11/2015,0,0,17.8,4.4,9.6,1.1
27/11/2015,0,,18.3,5.6,10.7,2.4
28/11/2015,0,0,17.8,9.4,12.6,2.1
29/11/2015,4.3,0,15,7.2,11.2,4
30/11/2015,5.1,0,7.2,3.9,5.8,4.6
01/12/2015,21.6,0,8.9,6.7,7.8,2.1
02/12/2015,5.6,0,15,8.9,10.7,2.6
03/12/2015,0,0,11.7,5.6,9.8,6.1
04/12/2015,0,0,11.7,2.2,6.8,2.3
05/12/2015,0,0,12.2,0.6,6.4,1.1
06/12/2015,0,0,11.1,0.6,5.4,1.3
07/12/2015,0,0,15.6,2.2,7.9,2.4
08/12/2015,0,0,13.3,3.3,8.3,1.7
09/12/2015,0,0,9.4,3.9,6.6,2.2
10/12/2015,0,0,17.2,5,9.4,1.2
11/12/2015,0,0,18.9,5.6,10.9,1.7
12/12/2015,0,0,20,7.2,12.2,1.5
13/12/2015,0,0,21.7,8.9,13.5,2.3
14/12/2015,3.3,0,20.6,11.7,15.6,5.1
15/12/2015,0,0,19.4,8.3,16.5,5.5
16/12/2015,0,0,13.9,5,9.8,2.4
17/12/2015,10.7,0,12.2,8.3,9.9,1.6
18/12/2015,0,0,11.1,1.7,8.6,6.1
19/12/2015,0,0,7.2,-1,3,4.4
20/12/2015,0,0,7.8,0,3.7,2.8
21/12/2015,0,0,14.4,3.3,7.7,5.3
22/12/2015,3.6,0,16.7,10.6,12.8,3.5
23/12/2015,42.4,0,18.9,12.2,15.2,2.6
24/12/2015,5.1,0,21.7,15.6,18.8,4.5
25/12/2015,7.6,0,20.6,13.9,17.9,2.1
26/12/2015,0.3,0,15.6,10.6,14.3,3.8
27/12/2015,0.5,0,21.1,10.6,13.9,5.1
28/12/2015,5.8,0,15.6,5,10.6,6.3
29/12/2015,12.7,0,11.7,6.7,8.2,3
30/12/2015,3.8,0,12.8,9.4,10.6,2.1
31/12/2015,0,0,13.9,6.7,11.2,3.8
01/01/2016,0,0,8.3,2.2,6.7,3.7
02/01/2016,0,0,8.9,0,4.2,2.8
03/01/2016,0,0,12.2,0,4.9,3.5
04/01/2016,0,0,3.3,-6,2,7.5
05/01/2016,0,0,1.1,-8.8,-4.3,4.6
06/01/2016,0,0,4.4,-6.6,-1.7,1.7
07/01/2016,0,0,6.1,1.1,3.3,1.2
08/01/2016,0,0,7.2,4.4,5.1,2
09/01/2016,5.8,0,10,5,6.9,2.1
10/01/2016,14.2,0,16.7,2.8,12.5,7.6
11/01/2016,0,,5,-2.1,2.3,4.4
12/01/2016,0,0,8.3,-2.1,2.1,6
13/01/2016,0,0,0,-6,-2,4.5
14/01/2016,0,0,11.7,-2.1,1.7,3.4
15/01/2016,8.1,0,10,1.1,5.9,2.6
16/01/2016,0.3,0,11.7,3.3,7.1,4.1
17/01/2016,1.3,8,3.3,0,2.9,2.9
18/01/2016,0,0,1.1,-8.8,-3.1,7.9
19/01/2016,0,0,-2.1,-9.3,-6.9,6.7
20/01/2016,0.8,18,-0.5,-7.1,-4.5,3.6
21/01/2016,0,0,1.1,-4.3,-2.3,5.4
22/01/2016,13,165,-1.6,-5.5,-3.3,5.2
23/01/2016,24.6,287,-1.6,-4.3,-3.7,10.2
24/01/2016,0,0,1.7,-7.1,-2.1,4.1
25/01/2016,0,0,5.6,-8.8,-2.9,1
26/01/2016,0,0,11.1,-1,4.1,3.5
27/01/2016,0,0,8.9,-0.5,5.7,4.3
28/01/2016,0,0,4.4,-3.8,0.4,1.8
29/01/2016,0,0,6.1,-2.1,2.4,5.4
30/01/2016,0,0,5.6,-4.3,0.8,3.4
31/01/2016,0,0,13.9,2.2,6.2,4.2
01/02/2016,3,0,16.1,6.1,10,4
02/02/2016,0,0,11.7,2.2,6.7,2.8
03/02/2016,12.7,0,13.9,5,7.4,3.1
04/02/2016,0.5,0,14.4,5.6,11.2,5.9
05/02/2016,1,0,6.7,0.6,4.8,6.7
06/02/2016,0,0,6.7,-2.1,2.2,2.7
07/02/2016,0,0,7.8,-1,3.1,3.3
08/02/2016,0.3,0,7.8,1.1,4.8,3.8
09/02/2016,5.6,0,4.4,0,3.3,3.4
10/02/2016,0,0,3.9,-3.2,0.9,5.8
11/02/2016,0,0,-1,-6,-3.3,6.3
12/02/2016,0,0,-0.5,-7.1,-4.3,2.9
13/02/2016,0,3,-2.1,-9.3,-4.3,8.2
14/02/2016,0.3,5,-3.2,-10.5,-7.8,3.8
15/02/2016,11.9,71,-0.5,-6.6,-4.6,2.6
16/02/2016,17.5,0,11.7,-1,4.5,4.5
17/02/2016,0,0,9.4,-0.5,4.8,3.5
18/02/2016,0,0,4.4,-1,2.6,5.1
19/02/2016,0,0,5.6,-3.2,0.5,3.7
20/02/2016,0,0,18.3,4.4,8.2,5
21/02/2016,2.3,0,13.9,7.2,10.4,3.1
22/02/2016,0,0,11.7,5,8.8,3.1
23/02/2016,13.2,0,7.2,4.4,6.3,4.7
24/02/2016,27.9,0,18.3,5.6,8.8,4.7
25/02/2016,0,0,15.6,4.4,10.9,7.7
26/02/2016,0,0,4.4,-0.5,3.8,7.2
27/02/2016,0,0,8.3,-2.7,2.2,3.2
28/02/2016,0,,18.3,0.6,7.3,5
29/02/2016,0,0,18.3,-1096.7,14.1,5.1
01/03/2016,0,0,18.3,4.4,11.2,4
02/03/2016,2.5,0,15.6,-0.5,9.1,8.4
03/03/2016,0.5,0,5,-1.6,1.4,3.1
04/03/2016,1.3,8,5.6,0,2.2,5.5
05/03/2016,0,0,7.2,1.7,4,3.3
06/03/2016,0,0,11.1,2.8,5.4,1.9
07/03/2016,0,0,18.9,2.2,8.3,4.8
08/03/2016,0,0,26.1,7.8,14.9,2.2
09/03/2016,0,0,26.1,8.3,16.3,3.1
10/03/2016,0,0,26.1,13.9,18.7,5.1
11/03/2016,0,0,22.8,13.9,20.2,4.1
12/03/2016,0,0,15.6,10,13.6,2.1
13/03/2016,6.6,0,15.6,9.4,12.9,3.6
14/03/2016,4.8,0,11.7,8.3,10.3,4.8
15/03/2016,0.8,0,18.3,8.3,10.9,2.4
16/03/2016,0.3,0,23.3,9.4,15.4,2
17/03/2016,0,0,20.6,9.4,14.8,3.9
18/03/2016,0,0,19.4,8.9,14.6,4.7
19/03/2016,3.3,0,13.9,3.3,9,5
20/03/2016,0,0,6.7,2.8,4.4,4.3
21/03/2016,0,0,11.7,2.8,6.1,5
22/03/2016,0,0,16.7,1.7,8.3,4.6
23/03/2016,0,0,23.9,11.7,15.9,5.3
24/03/2016,0,0,25,10,17.3,5.2
25/03/2016,0.8,0,22.2,9.4,19.1,6.8
26/03/2016,0,0,16.7,5,10.4,3.3
27/03/2016,0.5,0,13.9,8.9,11.8,3.2
28/03/2016,8.1,0,21.1,9.4,12.7,5.8
29/03/2016,0,0,15.6,7.8,12.3,6.8
30/03/2016,0,0,17.2,5,10.9,4.3
31/03/2016,0,0,23.3,12.2,16.4,7.8
01/04/2016,1.3,0,28.3,17.8,21.6,6.3
02/04/2016,2.5,0,18.9,7.2,16.1,5.5
03/04/2016,0,0,12.2,2.8,7.8,6.8
04/04/2016,1.8,0,23.3,3.9,13.8,7
05/04/2016,0,0,7.8,-1,5,6.6
06/04/2016,0,0,13.9,0,6.5,5.8
07/04/2016,17.8,0,18.3,8.9,13,5
08/04/2016,0,0,12.2,6.1,9.2,5
09/04/2016,4.3,0,10,1.1,6.8,6.7
10/04/2016,0,0,11.1,-0.5,4.2,4.3
11/04/2016,0.3,0,22.8,8.3,12.8,7.4
12/04/2016,1.3,0,20,8.9,17.4,7.1
13/04/2016,0,0,15,6.1,10.6,2.8
14/04/2016,0,0,17.8,4.4,11.2,2.2
15/04/2016,0,0,17.8,5.6,12.2,2
16/04/2016,0,0,22.2,7.2,14.1,2.8
17/04/2016,0,0,23.3,8.3,14.8,1.6
18/04/2016,0,0,29.4,10.6,19.6,2.1
19/04/2016,0,0,28.9,13.3,21.2,4.7
20/04/2016,0,0,21.7,10,16.8,3.6
21/04/2016,0,0,24.4,9.4,15.9,4.7
22/04/2016,0,0,24.4,17.8,20.3,4.8
23/04/2016,6.6,0,21.7,12.8,18.2,5.6
24/04/2016,0,0,19.4,7.8,14.6,3.7
25/04/2016,0,0,25.6,10.6,16.7,3.5
26/04/2016,0,0,30,18.3,23.3,5.1
27/04/2016,0.8,0,21.7,11.7,16.9,3.5
28/04/2016,14.7,0,13.3,8.9,12.2,3.7
29/04/2016,0.3,0,13.3,8.9,10.2,3.3
30/04/2016,0.5,0,14.4,10.6,12.1,2.7
01/05/2016,12.2,0,15,11.1,12.7,3.1
02/05/2016,31.5,0,25,12.8,16.1,2.5
03/05/2016,4.3,0,22.8,14.4,18.7,3.3
04/05/2016,0.8,0,15.6,11.7,14.2,4.1
05/05/2016,0.5,0,14.4,10.6,11.9,4.9
06/05/2016,20.1,0,12.8,10.6,12.2,3.9
07/05/2016,3.6,0,19.4,10,13.3,3
08/05/2016,1,0,22.2,12.2,16.9,4.5
09/05/2016,1.5,0,17.8,10,14.5,2.5
10/05/2016,0.3,0,18.3,13.3,15.8,3.1
11/05/2016,10.4,0,16.1,12.2,13.8,2.2
12/05/2016,0,0,18.9,14.4,15.9,2.1
13/05/2016,2,0,25.6,15,19.1,3.5
14/05/2016,3.3,0,24.4,11.1,17.9,4.5
15/05/2016,0,,16.7,8.9,12.9,5.8
16/05/2016,0,0,19.4,7.2,12.9,3.8
17/05/2016,10.4,0,15,12.2,13.9,1.9
18/05/2016,0,0,18.9,12.2,14.7,2.9
19/05/2016,0.3,0,21.1,13.3,16.4,2.5
20/05/2016,0,0,24.4,11.7,18.2,2.4
21/05/2016,16.5,0,17.2,12.8,15.7,4.7
22/05/2016,9.4,0,14.4,12.2,13.1,4.3
23/05/2016,4.6,0,23.9,13.9,16.6,3.1
24/05/2016,0,0,28.3,13.9,20.5,4
25/05/2016,0,0,30,15.6,23,2.2
26/05/2016,0,0,31.1,17.2,23.1,3.5
27/05/2016,0,0,31.1,20.6,25.4,3.8
28/05/2016,0,0,30.6,21.1,25.5,4.3
29/05/2016,10.9,0,28.3,18.9,23.7,2.7
30/05/2016,0,0,26.7,20,22.7,2.6
31/05/2016,0,0,30.6,21.1,24.7,1.7
01/06/2016,0,0,30.6,20.6,25.4,2.6
02/06/2016,0,0,27.8,20,23.4,2.2
03/06/2016,8.1,0,27.2,22.2,23.7,2.7
04/06/2016,0,0,27.8,21.1,23.8,3.4
05/06/2016,4.1,0,29.4,21.1,24.7,4.7
06/06/2016,0,0,30.6,20.6,24.7,3.8
07/06/2016,0,0,30.6,18.3,25.4,4.3
08/06/2016,0,0,23.3,16.7,20.9,6.3
09/06/2016,0,0,27.8,11.7,20.3,4.3
10/06/2016,0,0,27.8,17.2,22.8,4.4
11/06/2016,0,0,35.6,18.9,25.7,4.4
12/06/2016,0,0,33.9,21.1,29.4,6.4
13/06/2016,0,0,27.2,17.8,22.7,4.9
14/06/2016,0,0,27.2,19.4,24.1,3.9
15/06/2016,0,0,28.3,18.9,22.8,3
16/06/2016,11.7,0,31.7,20,25.2,3.8
17/06/2016,0,0,27.8,18.9,22.6,4.6
18/06/2016,0,0,29.4,18.9,24.1,3
19/06/2016,0,0,32.2,18.3,24.8,3.2
20/06/2016,0,0,32.8,20,26.3,3.4
21/06/2016,25.1,0,32.8,22.2,26.7,3.5
22/06/2016,0,0,30,20.6,24.9,3.6
23/06/2016,13.5,0,27.8,21.1,24.2,3
24/06/2016,0,0,30,21.7,25.4,3.5
25/06/2016,0,0,29.4,22.2,24.9,3.5
26/06/2016,0,0,30,18.9,24.9,2.3
27/06/2016,8.9,0,30.6,20,24.7,4.5
28/06/2016,22.1,0,30.6,20.6,25.9,3
29/06/2016,0,0,27.8,20,23.7,4.7
30/06/2016,0,0,28.9,18.3,23.7,2.8
01/07/2016,6.1,0,31.1,21.7,25.8,3.2
02/07/2016,0,0,26.7,21.1,24.3,4.3
03/07/2016,1.8,0,23.3,17.8,21.7,2.1
04/07/2016,7.9,0,23.3,20,21.3,4.1
05/07/2016,6.9,0,32.8,23.3,26.6,3.6
06/07/2016,0,0,34.4,25,29.1,2.2
07/07/2016,0,0,33.9,25,29.4,3.7
08/07/2016,0.8,0,32.8,25,28.8,3.2
09/07/2016,4.6,0,33.9,25.6,28.4,3.8
10/07/2016,0,0,30,23.3,26.9,4
11/07/2016,0,0,31.1,21.1,26.4,2.6
12/07/2016,0,0,30.6,22.8,26.3,3.6
13/07/2016,0,0,32.2,23.9,27.4,3
14/07/2016,0,0,36.7,23.9,29.5,4.5
15/07/2016,0,0,34.4,24.4,29.7,3.5
16/07/2016,10.9,0,33.9,22.2,28.4,3
17/07/2016,0,0,33.9,21.7,26.2,3.1
18/07/2016,11.2,0,35,22.8,28.4,3.8
19/07/2016,11.7,0,33.3,21.1,27.1,3.3
20/07/2016,0,0,31.7,21.1,25.9,2.6
21/07/2016,0,0,32.2,21.7,26.9,3.1
22/07/2016,0,0,35,23.3,28.3,3.6
23/07/2016,0,0,36.7,26.1,31.2,3.8
24/07/2016,0,0,36.1,26.7,31.5,3.1
25/07/2016,0,0,37.8,27.2,31.8,3.8
26/07/2016,0,0,36.7,26.7,31.1,2.9
27/07/2016,0,0,36.1,27.2,30.9,2.9
28/07/2016,6.9,0,35,25,29.9,3.1
29/07/2016,2.5,0,33.3,23.9,27.2,3.4
30/07/2016,8.4,0,32.2,23.3,28.1,3.7
31/07/2016,0,0,33.3,23.9,26.9,2.3
01/08/2016,0,0,33.9,24.4,28.4,2.9
02/08/2016,0,0,32.8,23.9,27.7,3.4
03/08/2016,0,0,28.3,22.2,25.3,3.1
04/08/2016,0,0,30,21.1,25.3,3
05/08/2016,0,0,29.4,22.8,25.3,3.7
06/08/2016,1.5,0,34.4,23.9,27.2,3.6
07/08/2016,0,0,33.3,21.7,27.7,3.2
08/08/2016,0,0,33.3,21.1,26.6,2.9
09/08/2016,0,0,27.2,20,23.7,1.9
10/08/2016,0,0,35,25,28.6,4.9
11/08/2016,0,0,36.1,25.6,30.4,4.8
12/08/2016,0,0,37.2,27.2,31.2,5
13/08/2016,0,0,38.3,27.2,31.8,5.1
14/08/2016,0,0,37.8,26.7,32.8,3.9
15/08/2016,29.5,0,37.8,22.8,29.9,3.1
16/08/2016,0,0,36.1,23.9,27.9,4.3
17/08/2016,22.4,0,35,22.2,30.7,3.4
18/08/2016,0,0,33.3,23.3,27.5,3.4
19/08/2016,0,0,33.3,23.3,28.6,2.3
20/08/2016,0,0,32.8,23.9,28.3,2.8
21/08/2016,17.5,0,32.8,23.3,26.8,4.4
22/08/2016,0,0,29.4,20.6,25.3,4.1
23/08/2016,0,0,28.9,19.4,24.6,2.6
24/08/2016,0,0,30,19.4,24.7,3.9
25/08/2016,0,0,31.7,21.7,25.9,4.4
26/08/2016,0,0,35,25,29.7,3.3
27/08/2016,0,0,33.3,25,29.8,3.2
28/08/2016,0,0,32.2,23.3,27.5,2.3
29/08/2016,0,0,34.4,22.2,27.6,2.5
30/08/2016,0,0,32.8,23.9,28.3,2.8
31/08/2016,0,0,32.8,22.8,27.4,3.2
01/09/2016,0.8,0,28.3,22.2,25.9,3.6
02/09/2016,0,0,27.2,19.4,23.9,4.7
03/09/2016,0,0,27.8,21.1,23.8,6.7
04/09/2016,0,0,28.3,20,23.9,3.6
05/09/2016,0,0,31.1,18.3,24.2,2.5
06/09/2016,0,0,34.4,21.7,27.4,5.2
07/09/2016,0.5,0,34.4,22.8,28.1,2.7
08/09/2016,0,0,36.7,23.9,28.6,3.7
09/09/2016,0,0,35.6,25.6,30.1,3.2
10/09/2016,0,0,35,25,29.4,4.7
11/09/2016,0,0,30,21.1,27.9,4.9
12/09/2016,0,0,30,18.9,24.1,3.5
13/09/2016,0,0,31.7,20.6,25.3,4.6
14/09/2016,0,0,35,20.6,27,3
15/09/2016,0,0,25,19.4,24.1,4.2
16/09/2016,0,0,26.1,18.9,21.8,3
17/09/2016,0,0,28.3,20,23.5,3.7
18/09/2016,0,0,31.7,21.7,25.5,4.1
19/09/2016,11.7,0,25.6,22.8,24.8,3
20/09/2016,0,0,26.7,21.7,23.6,3.8
21/09/2016,0,0,27.8,22.8,24.9,3.5
22/09/2016,0,0,30.6,20,25.1,3.1
23/09/2016,0,0,32.2,18.9,24.6,2.2
24/09/2016,0,0,25,18.3,23.2,3.8
25/09/2016,0,0,23.9,15,19.3,2.8
26/09/2016,3,0,21.7,17.8,19.7,4.4
27/09/2016,10.9,0,25,18.3,20.7,2.4
28/09/2016,7.9,0,21.7,17.8,19.5,4.4
29/09/2016,25.9,0,21.1,18.3,20.8,7
30/09/2016,2.8,0,18.9,16.7,18,6.6
01/10/2016,5.8,0,19.4,17.2,18.3,3.8
02/10/2016,0.5,0,24.4,18.3,19.9,1.6
03/10/2016,0,0,25.6,17.2,21.3,3
04/10/2016,0,0,24.4,15,18.9,4.3
05/10/2016,0,0,22.2,14.4,17.9,3.7
06/10/2016,0,0,21.1,15.6,18.1,3
07/10/2016,0,0,23.3,16.7,19.1,3.3
08/10/2016,6.4,0,19.4,18.3,19.2,4.2
09/10/2016,2.3,0,20.6,12.2,17.3,8.9
10/10/2016,0,0,18.9,9.4,14.2,4.8
11/10/2016,0,0,20,7.8,13.5,1.7
12/10/2016,0,0,21.1,10,15.1,1.7
13/10/2016,0,0,22.8,12.2,16.4,3.8
14/10/2016,0,0,19.4,9.4,14.6,2.2
15/10/2016,0,0,20.6,10,14.8,2.2
16/10/2016,0,0,22.8,11.7,16.2,3.1
17/10/2016,0,0,27.8,15,20.1,3
18/10/2016,0,0,27.8,17.2,21.1,3.8
19/10/2016,0,0,30.6,18.3,23.3,2.2
20/10/2016,0.5,0,29.4,20,23.8,3.7
21/10/2016,6.6,0,26.1,14.4,21.1,5.8
22/10/2016,0,0,16.1,10.6,14,8.5
23/10/2016,0,0,20.6,7.2,13.2,4.6
24/10/2016,0,0,21.7,10.6,16.3,5.1
25/10/2016,0,0,17.8,8.3,13.1,5
26/10/2016,0,0,14.4,5,10.4,2.1
27/10/2016,0.8,0,17.2,10,12.9,3.3
28/10/2016,0,0,17.2,8.3,14.4,5.6
29/10/2016,0,0,23.9,6.7,13.9,3.8
30/10/2016,0,0,26.7,14.4,18.8,4.1
31/10/2016,0,0,16.7,8.9,15.1,3.8
01/11/2016,0,0,16.1,8.9,12.1,2.6
02/11/2016,0,0,22.8,11.7,15.8,2.4
03/11/2016,0,0,28.3,14.4,19.3,4.1
04/11/2016,0,0,18.3,9.4,16.6,5.1
05/11/2016,0,0,20.6,6.7,13.1,2.6
06/11/2016,0,0,21.1,10,14.9,4.2
07/11/2016,0,0,16.1,6.7,11.7,2.6
08/11/2016,0,0,20,5,10.9,2.3
09/11/2016,4.8,0,18.9,10.6,14.2,4.6
10/11/2016,0,0,17.2,6.7,11.8,5
11/11/2016,0,0,19.4,7.8,13.2,5.9
12/11/2016,,0,11.7,2.8,8.7,3.6
13/11/2016,0,0,17.8,0.6,7.6,2.4
14/11/2016,0,0,13.3,2.2,8.4,1.7
15/11/2016,0,0,18.9,9.4,12.6,3
16/11/2016,0.5,0,19.4,5,11.5,3
17/11/2016,0,0,17.2,6.7,12.1,2.9
18/11/2016,0,0,21.1,5,12.1,1.7
19/11/2016,1.3,0,22.2,5.6,12.3,4.5
20/11/2016,0,0,8.3,2.8,5.8,8.9
21/11/2016,0,0,8.3,2.2,4.2,5.7
22/11/2016,0,0,10.6,1.1,4.8,4.5
23/11/2016,0,0,10.6,0,5.8,1.4
24/11/2016,0,0,13.9,6.1,9.4,1
25/11/2016,0,0,14.4,6.7,9.8,1.6
26/11/2016,0,0,11.1,5.6,9.2,5.6
27/11/2016,0,0,12.2,3.9,7.5,2.6
28/11/2016,0,0,12.2,1.7,6.4,2.9
29/11/2016,3,0,17.2,8.9,11.9,2.2
30/11/2016,9.7,0,20.6,11.1,15.5,2.7
01/12/2016,3.6,0,17.2,8.3,13.8,5.2
02/12/2016,0,0,12.8,6.7,9,5.7
03/12/2016,0,0,10.6,5.6,7.8,6
04/12/2016,1.3,0,8.3,3.3,5.9,3.3
05/12/2016,4.6,0,13.9,4.4,7.8,3.8
06/12/2016,26.2,0,7.8,5.6,7,4.4
07/12/2016,0,0,11.1,2.8,7.9,3.3
08/12/2016,0,0,8.9,1.1,6.2,3.9
09/12/2016,0,0,5,-1,1.9,6
10/12/2016,0,0,3.9,-3.2,0.7,4.4
11/12/2016,0,0,6.1,-1.6,0.7,3.2
12/12/2016,4.1,0,13.3,5,7.1,4.5
13/12/2016,0,0,8.3,4.4,6.6,2.4
14/12/2016,0,0,9.4,2.8,5.7,3.4
15/12/2016,0,0,4.4,-7.7,0.2,7.6
16/12/2016,0,0,-1,-8.2,-5.9,3.4
17/12/2016,6.6,0,10,-2.1,-0.1,3.7
18/12/2016,0.3,0,19.4,2.2,10.2,7.5
19/12/2016,0,0,3.9,-0.5,1.8,4.3
20/12/2016,0,0,2.8,-3.2,-0.3,2.3
21/12/2016,0,0,8.9,-2.7,2.7,2.2
22/12/2016,0,0,15.6,1.7,6.7,4.6
23/12/2016,0,0,8.9,-0.5,4.3,2.6
24/12/2016,13.7,0,8.9,2.2,5.9,-2.7
25/12/2016,0,0,10.6,1.7,5.9,1.7
26/12/2016,0,0,9.4,2.8,5.4,2.7
27/12/2016,0,0,20,9.4,13.1,5.3
28/12/2016,0,0,11.1,2.8,9.2,3.5
29/12/2016,6.1,0,11.1,1.7,5.7,3.6
30/12/2016,0,0,6.7,0,4.3,5.1
31/12/2016,0,0,9.4,-2.1,2.9,5.8
